{
  "version": "1.0",
  "generated_from": "Python training pipeline",
  "detectors": {
    "masd": {
      "window": 100,
      "n_std": 2.5,
      "ram_bytes": 416
    },
    "roc": {
      "drop_thr": -1.0,
      "rise_thr": 1.0,
      "ram_bytes": 4
    },
    "cusum": {
      "alpha": 0.15,
      "k": 0.5,
      "h": 10.0,
      "ram_bytes": 12
    }
  },
  "total_ram_bytes": 432,
  "estimated_inference_us": 30,
  "prophet_seasonal": [
    -7.513533058325315,
    -4.130262066216531,
    -8.597812397379897,
    -14.497302142743436,
    -13.90586339918169,
    -6.505851690517716,
    -0.7028658838669699,
    -3.8885169543143547,
    -12.574996363744738,
    -12.718771637202337,
    6.458565672931584,
    39.95769946161944,
    67.65616392644823,
    69.56890356193107,
    42.55261456420112,
    3.5769848142418255,
    -23.704288771421787,
    -28.005025530778234,
    -16.558419646158605,
    -5.992310954836626,
    -7.686929444346482,
    -15.718893631442455,
    -20.233142445462498,
    -15.924641447274666
  ],
  "prophet_trend_slope": 0.0003592619601426563,
  "prophet_trend_intercept": 58.53977898533333
}